rank,ticker,name,current_price,change_pct,volume,avg_volume_20d,volume_surge_ratio,high_52w,low_52w,rsi,news_count,price_change_score,volume_surge_score,news_score,rsi_score,total_score
1,9984.T,ソフトバンクグループ,6286.0,4.16,16764500,65701525,0.26,8624.4,3499.03,51.23,0,100.0,13.684210526315788,50.0,67.1525,61.68
2,8035.T,東京エレクトロン,11815.0,2.69,3255900,14871750,0.22,15222.73,4939.83,65.17,0,70.4225352112676,9.473684210526315,50.0,91.5475,52.24
3,4519.T,中外製薬,6103.0,0.11,2976800,2754785,1.08,10362.18,6096.0,31.63,0,18.51106639839034,100.0,50.0,32.8525,49.83
4,4063.T,信越化学工業,5881.0,2.3,1234200,6289355,0.2,7779.15,4377.64,54.83,0,62.575452716297775,7.36842105263158,50.0,73.4525,45.76
5,8306.T,三菱UFJフィナンシャル・グループ,3627.0,0.97,11048300,40674065,0.27,3749.99,2162.31,47.16,0,35.814889336016094,14.73684210526316,50.0,60.029999999999994,35.25
6,6861.T,キーエンス,80150.0,0.84,107000,554910,0.19,87342.39,51839.95,57.28,0,33.199195171026155,6.31578947368421,50.0,77.74000000000001,34.34
7,6367.T,ダイキン工業,20850.0,0.7,141100,1107760,0.13,25925.0,16780.57,60.59,0,30.382293762575447,0.0,50.0,83.5325,32.18
8,8058.T,三菱商事,4692.0,1.19,1388000,8227850,0.17,5806.31,3387.76,35.91,0,40.241448692152915,4.210526315789474,50.0,40.342499999999994,30.91
9,9983.T,ファーストリテイリング,68980.0,0.39,153500,1028945,0.15,87506.82,44398.68,48.72,0,24.14486921529175,2.105263157894736,50.0,62.76,27.2
10,6501.T,日立製作所,5440.0,-0.46,2633300,9195190,0.29,5755.34,3833.26,56.25,0,7.042253521126761,16.84210526315789,50.0,75.9375,26.76
11,7974.T,任天堂,7926.0,0.38,1234500,7457945,0.17,13834.07,6589.0,30.89,0,23.94366197183098,4.210526315789474,50.0,31.5575,23.07
12,9432.T,日本電信電話(NTT),170.1,-0.7,36082800,202615065,0.18,177.22,140.59,58.55,0,2.213279678068412,5.263157894736841,50.0,79.96249999999999,21.96
13,7203.T,トヨタ自動車,2882.5,0.03,5684000,24805835,0.23,3821.07,2641.03,27.69,0,16.901408450704224,10.526315789473683,50.0,27.69,21.57
14,6758.T,ソニーグループ,3714.0,-0.48,2512000,13964495,0.18,4659.43,3098.2,46.52,0,6.639839034205232,5.263157894736841,50.0,58.910000000000004,20.57
15,6098.T,リクルートホールディングス,16565.0,-0.81,566200,4482755,0.13,18200.6,6097.45,53.67,0,0.0,0.0,50.0,71.4225,18.21
